id,data_coleta,horario_coleta,supermercado,marca,nome_produto,embalagem,cidade,uf,regiao,preco_atual,preco_original,em_promocao,disponivel,url,erro,categoria,rota_css,url_recuperada,tentativas,grupo
21477,2026-05-22,08:27:44,Pão de Açúcar,Marilan,Água e Sal 300g Marilan,300g,São Paulo,SP,Sudeste,6.99,,0,1,https://www.paodeacucar.com/produto/1639482/biscoito-agua-e-sal-marilan-300g,,Biscoitos,10,,1,Mercearias Secas
21478,2026-05-22,08:27:55,Pão de Açúcar,Mabel,Água e Sal 300g Mabel,300g,São Paulo,SP,Sudeste,,,0,0,https://www.paodeacucar.com/produto/1616940/biscoito-agua-e-sal-mabel-pacote-300g,produto_indisponivel,Biscoitos,,,2,Mercearias Secas
21479,2026-05-22,08:28:16,Pão de Açúcar,Vitarella,Água e Sal 350g Vitarella,350g,São Paulo,SP,Sudeste,7.99,,0,1,https://www.paodeacucar.com/produto/1286774/biscoito-agua-e-sal-tradicional-vitarella-pacote-350g,,Biscoitos,10,,1,Mercearias Secas
21480,2026-05-22,08:28:26,Pão de Açúcar,Marilan,Cream Cracker 300g Marilan,300g,São Paulo,SP,Sudeste,7.99,,0,1,https://www.paodeacucar.com/produto/1639385/biscoito-cream-cracker-marilan-300g,,Biscoitos,10,,1,Mercearias Secas
21481,2026-05-22,08:28:36,Pão de Açúcar,Mabel,Cream Cracker 300g Mabel,300g,São Paulo,SP,Sudeste,,,0,0,https://www.paodeacucar.com/produto/1616942/biscoito-cream-cracker-mabel-300g,produto_indisponivel,Biscoitos,,,2,Mercearias Secas
21482,2026-05-22,08:28:57,Pão de Açúcar,Piraquê,Cream Cracker 184g Piraque,184g,São Paulo,SP,Sudeste,6.29,,0,1,https://www.paodeacucar.com/produto/1606433/biscoito-cream-cracker-piraque-pacote-184g,,Biscoitos,10,,1,Mercearias Secas
21483,2026-05-22,08:29:07,Pão de Açúcar,Marilan,Cream Cracker 140g Marilan,140g,São Paulo,SP,Sudeste,,,0,0,https://www.paodeacucar.com/produto/1448576/biscoito-cream-cracker-marilan-pacote-170g,produto_indisponivel,Biscoitos,,,2,Mercearias Secas
21484,2026-05-22,08:29:28,Pão de Açúcar,Bauducco,Cream Cracker 165g Bauducco,165g,São Paulo,SP,Sudeste,3.99,,0,1,https://www.paodeacucar.com/produto/1629268/biscoito-cream-cracker-tradicional-bauducco-pacote-165g,,Biscoitos,10,,1,Mercearias Secas
21485,2026-05-22,08:29:38,Pão de Açúcar,Adria,Cream Cracker 170g Adria,170g,São Paulo,SP,Sudeste,3.69,,0,1,https://www.paodeacucar.com/produto/1602912/biscoito-cream-cracker-folhado-manteiga-adria-folhata-pacote-170g,,Biscoitos,10,,1,Mercearias Secas
21486,2026-05-22,08:29:49,Pão de Açúcar,Mondelez,Oreo 90g Mondelez,90g,São Paulo,SP,Sudeste,4.89,,0,1,https://www.paodeacucar.com/produto/301575/biscoito-original-oreo-pacote-90g,,Biscoitos,10,,1,Mercearias Secas
21487,2026-05-22,08:29:59,Pão de Açúcar,Nestlé,Passatempo 150g Nestlé,150g,São Paulo,SP,Sudeste,2.99,,0,1,https://www.paodeacucar.com/produto/177670/biscoito-recheio-chocolate-passatempo-pacote-130g,,Biscoitos,10,,1,Mercearias Secas
21488,2026-05-22,08:30:10,Pão de Açúcar,Bauducco,Recheado Chocolate 140g Bauducco,140g,São Paulo,SP,Sudeste,4.89,,0,1,https://www.paodeacucar.com/produto/310906/biscoito-wafer-recheio-chocolate-bauducco-pacote-140g,,Biscoitos,10,,1,Mercearias Secas
21489,2026-05-22,08:30:21,Pão de Açúcar,Barilla,Macarrão Espaguete 500g Barilla,500g,São Paulo,SP,Sudeste,5.99,,0,1,https://www.paodeacucar.com/produto/279928/macarrao-com-ovos-espaguete-8-barilla-pacote-500g,,Massas,10,,1,Mercearias Secas
21490,2026-05-22,08:30:33,Pão de Açúcar,Adria,Macarrão Espaguete 500g Adria,500g,São Paulo,SP,Sudeste,3.59,,0,1,https://www.paodeacucar.com/produto/111375/macarrao-adria-com-ovos-espaguete---8-500g,,Massas,10,,1,Mercearias Secas
21491,2026-05-22,08:30:44,Pão de Açúcar,Nissin,Miojo Carne 85g Nissin,85g,São Paulo,SP,Sudeste,2.49,,0,1,https://www.paodeacucar.com/produto/169902/macarrao-instantaneo-de-carne-nissin-miojo-lamen-pacote-85g,,Massas,10,,1,Mercearias Secas
21492,2026-05-22,08:30:54,Extra,Marilan,Água e Sal 300g Marilan,300g,São Paulo,SP,Sudeste,,,0,0,https://www.extramercado.com.br/produto/1667484/biscoito-agua-e-sal-marilan-300g,produto_indisponivel,Biscoitos,,,2,Mercearias Secas
21493,2026-05-22,08:31:17,Extra,Vitarella,Água e Sal 350g Vitarella,350g,São Paulo,SP,Sudeste,5.99,,0,1,https://www.extramercado.com.br/produto/1376440/biscoito-agua-e-sal-tradicional-vitarella-pacote-350g,,Biscoitos,10,,1,Mercearias Secas
21494,2026-05-22,08:31:28,Extra,Adria,Água e Sal 170g Adria,170g,São Paulo,SP,Sudeste,,,0,0,https://www.extramercado.com.br/produto/1642405/biscoito-agua-e-sal-adria-pacote-170g,produto_indisponivel,Biscoitos,,,2,Mercearias Secas
21495,2026-05-22,08:31:48,Extra,Piraquê,Água e Sal 184g Piraque,184g,São Paulo,SP,Sudeste,5.99,,0,1,https://www.extramercado.com.br/produto/1641546/biscoito-agua-e-sal-piraque-pacote-184g,,Biscoitos,10,,1,Mercearias Secas
21496,2026-05-22,08:31:58,Extra,Marilan,Cream Cracker 300g Marilan,300g,São Paulo,SP,Sudeste,6.99,,0,1,https://www.extramercado.com.br/produto/1667380/biscoito-cream-cracker-marilan-300g,,Biscoitos,10,,1,Mercearias Secas
21497,2026-05-22,08:32:08,Extra,Vitarella,Cream Cracker 350g Vitarella,350g,São Paulo,SP,Sudeste,5.99,,0,1,https://www.extramercado.com.br/produto/1376439/biscoito-cream-cracker-amanteigado-tradicional-vitarella-pacote-350g,,Biscoitos,10,,1,Mercearias Secas
21498,2026-05-22,08:32:18,Extra,Piraquê,Cream Cracker 184g Piraque,184g,São Paulo,SP,Sudeste,5.49,,0,1,https://www.extramercado.com.br/produto/1641542/biscoito-cream-cracker-piraque-pacote-184g,,Biscoitos,10,,1,Mercearias Secas
21499,2026-05-22,08:32:29,Extra,Marilan,Cream Cracker 140g Marilan,140g,São Paulo,SP,Sudeste,4.89,,0,1,https://www.extramercado.com.br/produto/1667384/biscoito-cream-cracker-marilan-pacote-140g,,Biscoitos,10,,1,Mercearias Secas
21500,2026-05-22,08:32:40,Extra,Bauducco,Cream Cracker 165g Bauducco,165g,São Paulo,SP,Sudeste,3.59,,0,1,https://www.extramercado.com.br/produto/1660610/biscoito-cream-cracker-tradicional-bauducco-pacote-165g,,Biscoitos,10,,1,Mercearias Secas
21501,2026-05-22,08:32:51,Extra,Adria,Cream Cracker 170g Adria,170g,São Paulo,SP,Sudeste,3.69,,0,1,https://www.extramercado.com.br/produto/1638049/biscoito-cream-cracker-folhado-manteiga-adria-folhata-pacote-170g,,Biscoitos,10,,1,Mercearias Secas
21502,2026-05-22,08:33:02,Extra,Mondelez,Oreo 90g Mondelez,90g,São Paulo,SP,Sudeste,4.39,,0,1,https://www.extramercado.com.br/produto/323114/biscoito-original-oreo-pacote-90g,,Biscoitos,10,,1,Mercearias Secas
21503,2026-05-22,08:33:13,Extra,Nestlé,Passatempo 150g Nestlé,150g,São Paulo,SP,Sudeste,2.99,,0,1,https://www.extramercado.com.br/produto/177670/biscoito-recheio-chocolate-passatempo-pacote-130g,,Biscoitos,10,,1,Mercearias Secas
21504,2026-05-22,08:33:24,Extra,Bauducco,Recheado Chocolate 140g Bauducco,140g,São Paulo,SP,Sudeste,4.49,,0,1,https://www.extramercado.com.br/produto/335660/biscoito-wafer-recheio-chocolate-bauducco-pacote-140g,,Biscoitos,10,,1,Mercearias Secas
21505,2026-05-22,08:33:33,Extra,Barilla,Macarrão Espaguete 500g Barilla,500g,São Paulo,SP,Sudeste,6.29,,0,1,https://www.extramercado.com.br/produto/305593/macarrao-com-ovos-espaguete-8-barilla-pacote-500g,,Massas,10,,1,Mercearias Secas
21506,2026-05-22,08:33:45,Extra,Adria,Macarrão Espaguete 500g Adria,500g,São Paulo,SP,Sudeste,3.59,,0,1,https://www.extramercado.com.br/produto/111375/macarrao-adria-com-ovos-espaguete---8-500g,,Massas,10,,1,Mercearias Secas
21507,2026-05-22,08:33:55,Extra,Dona Benta,Macarrão Espaguete 500g Dona Benta,500g,São Paulo,SP,Sudeste,4.19,,0,1,https://www.extramercado.com.br/produto/5789/macarrao-de-semola-com-ovos-linguine-dona-benta-pacote-500g,,Massas,10,,1,Mercearias Secas
21508,2026-05-22,08:34:06,Extra,Nissin,Miojo Carne 85g Nissin,85g,São Paulo,SP,Sudeste,2.49,,0,1,https://www.extramercado.com.br/produto/169902/macarrao-instantaneo-de-carne-nissin-miojo-lamen-pacote-85g,,Massas,10,,1,Mercearias Secas
21509,2026-05-22,08:34:16,Atacadão,Marilan,Água e Sal 300g Marilan,300g,São Paulo,SP,Sudeste,5.59,,0,1,https://www.atacadao.com.br/biscoito-marilan-agua-e-sal-12305-61201/p,,Biscoitos,10,,1,Mercearias Secas
21510,2026-05-22,08:34:27,Atacadão,Mabel,Água e Sal 300g Mabel,300g,São Paulo,SP,Sudeste,4.35,,0,1,https://www.atacadao.com.br/biscoito-mabel-agua-e-sal-90091-40582/p,,Biscoitos,10,,1,Mercearias Secas
21511,2026-05-22,08:34:36,Atacadão,Vitarella,Água e Sal 350g Vitarella,350g,São Paulo,SP,Sudeste,4.98,,0,1,https://www.atacadao.com.br/biscoito-vitarella-agua-e-sal-pacote-com-350g-75654-31551/p,,Biscoitos,10,,1,Mercearias Secas
21512,2026-05-22,08:34:46,Atacadão,Adria,Água e Sal 170g Adria,170g,São Paulo,SP,Sudeste,2.98,,0,1,https://www.atacadao.com.br/biscoito-adria-agua-e-sal-86312-24062/p,,Biscoitos,10,,1,Mercearias Secas
21513,2026-05-22,08:34:55,Atacadão,Mabel,Cream Cracker 300g Mabel,300g,São Paulo,SP,Sudeste,4.35,,0,1,https://www.atacadao.com.br/biscoito-mabel-cream-cracker-90090-40581/p,,Biscoitos,10,,1,Mercearias Secas
21514,2026-05-22,08:35:04,Atacadão,Vitarella,Cream Cracker 350g Vitarella,350g,São Paulo,SP,Sudeste,4.98,,0,1,https://www.atacadao.com.br/biscoito-cream-cracker-vitarella-tradicional-75658-25458/p,,Biscoitos,10,,1,Mercearias Secas
21515,2026-05-22,08:35:13,Atacadão,Marilan,Cream Cracker 140g Marilan,140g,São Paulo,SP,Sudeste,3.39,,0,1,https://www.atacadao.com.br/biscoito-marilan-cream-cracker-12307-61182/p,,Biscoitos,10,,1,Mercearias Secas
21516,2026-05-22,08:35:22,Atacadão,Adria,Cream Cracker 170g Adria,170g,São Paulo,SP,Sudeste,2.98,,0,1,https://www.atacadao.com.br/biscoito-adria-cream-cracker-86314-24086/p,,Biscoitos,10,,1,Mercearias Secas
21517,2026-05-22,08:35:31,Atacadão,Mondelez,Oreo 90g Mondelez,90g,São Paulo,SP,Sudeste,3.59,,0,1,https://www.atacadao.com.br/biscoito-recheado-oreo-original-49265-28699/p,,Biscoitos,10,,1,Mercearias Secas
21518,2026-05-22,08:35:40,Atacadão,Nestlé,Passatempo 150g Nestlé,150g,São Paulo,SP,Sudeste,,,0,0,https://www.atacadao.com.br/biscoito-recheado-passatempo-nestle-chocolate-pacote-com-130g-55979-28839/p,produto_indisponivel,Biscoitos,,,2,Mercearias Secas
21519,2026-05-22,08:36:02,Atacadão,Bauducco,Recheado Chocolate 140g Bauducco,140g,São Paulo,SP,Sudeste,4.49,,0,1,https://www.atacadao.com.br/biscoito-wafer-bauducco-chocolate-39393-31872/p,,Biscoitos,10,,1,Mercearias Secas
21520,2026-05-22,08:36:11,Atacadão,Piraquê,Recheado Chocolate 100g Piraque,100g,São Paulo,SP,Sudeste,2.39,,0,1,https://www.atacadao.com.br/biscoito-wafer-piraque-chocolate-pacote-com-100g-76847-32707/p,,Biscoitos,10,,1,Mercearias Secas
21521,2026-05-22,08:36:20,Atacadão,Barilla,Macarrão Espaguete 500g Barilla,500g,São Paulo,SP,Sudeste,4.89,,0,1,https://www.atacadao.com.br/macarrao-com-ovos-barilla-espaguete-8-74384-1093/p,,Massas,10,,1,Mercearias Secas
21522,2026-05-22,08:36:29,Atacadão,Adria,Macarrão Espaguete 500g Adria,500g,São Paulo,SP,Sudeste,2.89,,0,1,https://www.atacadao.com.br/macarrao-com-ovos-adria-espaguete-34028-1061/p,,Massas,10,,1,Mercearias Secas
21523,2026-05-22,08:36:37,Atacadão,Camil,Macarrão Espaguete 500g Camil,500g,São Paulo,SP,Sudeste,3.29,,0,1,https://www.atacadao.com.br/macarrao-com-ovos-camil-espaguete-94005-44267/p,,Massas,10,,1,Mercearias Secas
21524,2026-05-22,08:36:46,Atacadão,Dona Benta,Macarrão Espaguete 500g Dona Benta,500g,São Paulo,SP,Sudeste,2.49,,0,1,https://www.atacadao.com.br/macarrao-com-ovos-dona-benta-espaguete-pacote-com-500g-1998-1187/p,,Massas,10,,1,Mercearias Secas
21525,2026-05-22,08:36:56,Atacadão,Nissin,Miojo Carne 85g Nissin,85g,São Paulo,SP,Sudeste,2.29,,0,1,https://www.atacadao.com.br/macarrao-instantaneo-nissin-lamen-carne-5612-3297/p,,Massas,10,,1,Mercearias Secas
21526,2026-05-22,00:00:00,Extra,Adria,Água e Sal 170g Adria,170g,São Paulo,SP,Sudeste,3.69,,0,1,https://www.extramercado.com.br/produto/1642405/biscoito-agua-e-sal-adria-pacote-170g,copiado_dia_anterior,Biscoitos,99,,1,Mercearias Secas
21527,2026-05-22,00:00:00,Pão de Açúcar,Heineken,Heineken Lata,350ml,São Paulo,SP,Sudeste,4.59,,0,1,https://www.paodeacucar.com/produto/1606865/cerveja-heineken-lata-sleek-350ml,copiado_dia_anterior,Cervejas,99,,1,Cervejas
21528,2026-05-22,00:00:00,Pão de Açúcar,Heineken,Heineken Lata,269ml,São Paulo,SP,Sudeste,3.75,,0,1,https://www.paodeacucar.com/produto/1376370/cerveja-lager-puro-malte-heineken-lata-269ml,copiado_dia_anterior,Cervejas,99,,1,Cervejas
21529,2026-05-22,00:00:00,Pão de Açúcar,Heineken,Heineken 0.0,350ml,São Paulo,SP,Sudeste,4.59,,0,1,https://www.paodeacucar.com/produto/1606861/cerveja-heineken-zero-lata-sleek-350ml,copiado_dia_anterior,Cervejas,99,,1,Cervejas
21530,2026-05-22,00:00:00,Pão de Açúcar,Skol,Skol Lata,269ml,São Paulo,SP,Sudeste,2.69,,0,1,https://www.paodeacucar.com/produto/71229/cerveja-skol-pilsen-lata-269ml,copiado_dia_anterior,Cervejas,99,,1,Cervejas
21531,2026-05-22,00:00:00,Pão de Açúcar,Brahma,Brahma Duplo Malte,350ml,São Paulo,SP,Sudeste,3.49,,0,1,https://www.paodeacucar.com/produto/462219/cerveja-pilsner-duplo-malte-brahma-lata-350ml,copiado_dia_anterior,Cervejas,99,,1,Cervejas
21532,2026-05-22,00:00:00,Pão de Açúcar,Stella Artois,Stella Artois Long Neck,330ml,São Paulo,SP,Sudeste,6.79,,0,1,https://www.paodeacucar.com/produto/452630/cerveja-lager-premium-puro-malte-stella-artois-garrafa-330ml,copiado_dia_anterior,Cervejas,99,,1,Cervejas
21533,2026-05-22,00:00:00,Pão de Açúcar,Corona,Corona Extra Long Neck,330ml,São Paulo,SP,Sudeste,6.79,,0,1,https://www.paodeacucar.com/produto/456783/cerveja-pilsen-corona-garrafa-330ml,copiado_dia_anterior,Cervejas,99,,1,Cervejas
21534,2026-05-22,00:00:00,Pão de Açúcar,Corona,Corona Extra Lata,350ml,São Paulo,SP,Sudeste,6.29,,0,1,https://www.paodeacucar.com/produto/1461878/cerveja-corona-extra-lata-350ml,copiado_dia_anterior,Cervejas,99,,1,Cervejas
21535,2026-05-22,00:00:00,Pão de Açúcar,Budweiser,Budweiser Lata,269ml,São Paulo,SP,Sudeste,2.89,,0,1,https://www.paodeacucar.com/produto/323696/cerveja-pilsen-budweiser-lata-269ml,copiado_dia_anterior,Cervejas,99,,1,Cervejas
21536,2026-05-22,00:00:00,Pão de Açúcar,Amstel,Amstel Lata,350ml,São Paulo,SP,Sudeste,3.19,,0,1,https://www.paodeacucar.com/produto/1606864/cerveja-lager-puro-malte-amstel-lata-350ml,copiado_dia_anterior,Cervejas,99,,1,Cervejas
21537,2026-05-22,00:00:00,Pão de Açúcar,Amstel,Amstel Lata,269ml,São Paulo,SP,Sudeste,2.69,,0,1,https://www.paodeacucar.com/produto/339944/cerveja-lager-puro-malte-amstel-lata-269ml,copiado_dia_anterior,Cervejas,99,,1,Cervejas
21538,2026-05-22,00:00:00,Pão de Açúcar,Spaten,Spaten Puro Malte Lata,350ml,São Paulo,SP,Sudeste,3.99,,0,1,https://www.paodeacucar.com/produto/583963/cerveja-munich-helles-puro-malte-spaten-lata-350ml,copiado_dia_anterior,Cervejas,99,,1,Cervejas
21539,2026-05-22,00:00:00,Pão de Açúcar,Spaten,Spaten Puro Malte Lata,269ml,São Paulo,SP,Sudeste,3.79,,0,1,https://www.paodeacucar.com/produto/1461013/cerveja-munich-helles-puro-malte-spaten-lata-269ml,copiado_dia_anterior,Cervejas,99,,1,Cervejas
21540,2026-05-22,00:00:00,Pão de Açúcar,Original,Original Lata,269ml,São Paulo,SP,Sudeste,3.09,,0,1,https://www.paodeacucar.com/produto/479389/cerveja-pilsen-antarctica-original-lata-269ml,copiado_dia_anterior,Cervejas,99,,1,Cervejas
21541,2026-05-22,00:00:00,Pão de Açúcar,Itaipava,Itaipava Lata,350ml,São Paulo,SP,Sudeste,2.99,,0,1,https://www.paodeacucar.com/produto/112967/cerveja-pilsen-itaipava-lata-350ml,copiado_dia_anterior,Cervejas,99,,1,Cervejas
21542,2026-05-22,00:00:00,Extra,Antarctica,Antarctica Lata,350ml,São Paulo,SP,Sudeste,3.69,,0,1,https://www.extramercado.com.br/produto/589/cerveja-pilsen-antarctica-lata-350ml,copiado_dia_anterior,Cervejas,99,,1,Cervejas
21543,2026-05-22,00:00:00,Extra,Heineken,Heineken Lata,350ml,São Paulo,SP,Sudeste,4.59,,0,1,https://www.extramercado.com.br/produto/1641976/cerveja-heineken-lata-sleek-350ml,copiado_dia_anterior,Cervejas,99,,1,Cervejas
21544,2026-05-22,00:00:00,Extra,Heineken,Heineken Lata,269ml,São Paulo,SP,Sudeste,3.75,,0,1,https://www.extramercado.com.br/produto/1440048/cerveja-lager-puro-malte-heineken-lata-269ml,copiado_dia_anterior,Cervejas,99,,1,Cervejas
21545,2026-05-22,00:00:00,Extra,Heineken,Heineken 0.0,350ml,São Paulo,SP,Sudeste,4.59,,0,1,https://www.extramercado.com.br/produto/1641970/cerveja-heineken-zero-lata-sleek-350ml,copiado_dia_anterior,Cervejas,99,,1,Cervejas
21546,2026-05-22,00:00:00,Extra,Skol,Skol Lata,350ml,São Paulo,SP,Sudeste,3.29,,0,1,https://www.extramercado.com.br/produto/91224/cerveja-pilsen-skol-lata-350ml,copiado_dia_anterior,Cervejas,99,,1,Cervejas
21547,2026-05-22,00:00:00,Extra,Skol,Skol Lata,269ml,São Paulo,SP,Sudeste,2.49,,0,1,https://www.extramercado.com.br/produto/71229/cerveja-skol-pilsen-lata-269ml,copiado_dia_anterior,Cervejas,99,,1,Cervejas
21548,2026-05-22,00:00:00,Extra,Brahma,Brahma Duplo Malte,350ml,São Paulo,SP,Sudeste,3.49,,0,1,https://www.extramercado.com.br/produto/485275/cerveja-pilsner-duplo-malte-brahma-lata-350ml,copiado_dia_anterior,Cervejas,99,,1,Cervejas
21549,2026-05-22,00:00:00,Extra,Brahma,Brahma Duplo Malte,269ml,São Paulo,SP,Sudeste,3.39,,0,1,https://www.extramercado.com.br/produto/869637/cerveja-pilsner-duplo-malte-brahma-lata-269ml,copiado_dia_anterior,Cervejas,99,,1,Cervejas
21550,2026-05-22,00:00:00,Extra,Corona,Corona Extra Lata,350ml,São Paulo,SP,Sudeste,6.29,,0,1,https://www.extramercado.com.br/produto/1500760/cerveja-corona-extra-lata-350ml,copiado_dia_anterior,Cervejas,99,,1,Cervejas
21551,2026-05-22,00:00:00,Extra,Budweiser,Budweiser Lata,269ml,São Paulo,SP,Sudeste,2.89,,0,1,https://www.extramercado.com.br/produto/347007/cerveja-pilsen-budweiser-lata-269ml,copiado_dia_anterior,Cervejas,99,,1,Cervejas
21552,2026-05-22,00:00:00,Extra,Amstel,Amstel Lata,350ml,São Paulo,SP,Sudeste,3.19,,0,1,https://www.extramercado.com.br/produto/1641973/cerveja-lager-puro-malte-amstel-lata-350ml,copiado_dia_anterior,Cervejas,99,,1,Cervejas
21553,2026-05-22,00:00:00,Extra,Spaten,Spaten Puro Malte Lata,350ml,São Paulo,SP,Sudeste,3.89,,0,1,https://www.extramercado.com.br/produto/628110/cerveja-munich-helles-puro-malte-spaten-lata-350ml,copiado_dia_anterior,Cervejas,99,,1,Cervejas
21554,2026-05-22,00:00:00,Extra,Spaten,Spaten Puro Malte Lata,269ml,São Paulo,SP,Sudeste,3.79,,0,1,https://www.extramercado.com.br/produto/1500377/cerveja-munich-helles-puro-malte-spaten-lata-269ml,copiado_dia_anterior,Cervejas,99,,1,Cervejas
21555,2026-05-22,00:00:00,Extra,Original,Original Lata,350ml,São Paulo,SP,Sudeste,3.99,,0,1,https://www.extramercado.com.br/produto/434881/cerveja-pilsen-antarctica-original-lata-350ml,copiado_dia_anterior,Cervejas,99,,1,Cervejas
21556,2026-05-22,00:00:00,Extra,Original,Original Lata,269ml,São Paulo,SP,Sudeste,3.09,,0,1,https://www.extramercado.com.br/produto/519820/cerveja-pilsen-antarctica-original-lata-269ml,copiado_dia_anterior,Cervejas,99,,1,Cervejas
21557,2026-05-22,00:00:00,Atacadão,Antarctica,Antarctica Lata,350ml,São Paulo,SP,Sudeste,2.99,,0,1,https://www.atacadao.com.br/cerveja-antarctica-9218-11292/p,copiado_dia_anterior,Cervejas,99,,1,Cervejas
21558,2026-05-22,00:00:00,Atacadão,Heineken,Heineken Lata,350ml,São Paulo,SP,Sudeste,5.59,,0,1,https://www.atacadao.com.br/cerveja-heineken-sleek-86733-12486/p,copiado_dia_anterior,Cervejas,99,,1,Cervejas
21559,2026-05-22,00:00:00,Atacadão,Heineken,Heineken Lata,269ml,São Paulo,SP,Sudeste,4.49,,0,1,https://www.atacadao.com.br/cerveja-heineken-lata-com-269ml-76983-12460/p,copiado_dia_anterior,Cervejas,99,,1,Cervejas
21560,2026-05-22,00:00:00,Atacadão,Heineken,Heineken 0.0,350ml,São Paulo,SP,Sudeste,5.59,,0,1,https://www.atacadao.com.br/cerveja-heineken-zero-sleek-86709-12501/p,copiado_dia_anterior,Cervejas,99,,1,Cervejas
21561,2026-05-22,00:00:00,Atacadão,Skol,Skol Lata,269ml,São Paulo,SP,Sudeste,2.49,,0,1,https://www.atacadao.com.br/cerveja-skol-redondinha-6183-13325/p,copiado_dia_anterior,Cervejas,99,,1,Cervejas
21562,2026-05-22,00:00:00,Atacadão,Brahma,Brahma Duplo Malte,269ml,São Paulo,SP,Sudeste,2.69,,0,1,https://www.atacadao.com.br/cerveja-brahma-duplo-malte-lata-com-269ml-74794-11647/p,copiado_dia_anterior,Cervejas,99,,1,Cervejas
21563,2026-05-22,00:00:00,Atacadão,Stella Artois,Stella Artois Long Neck,330ml,São Paulo,SP,Sudeste,5.97,,0,1,https://www.atacadao.com.br/cerveja-stella-artois-68018-13362/p,copiado_dia_anterior,Cervejas,99,,1,Cervejas
21564,2026-05-22,00:00:00,Atacadão,Corona,Corona Extra Long Neck,330ml,São Paulo,SP,Sudeste,7.69,,0,1,https://www.atacadao.com.br/cerveja-corona-long-neck-com-330ml-66884-12000/p,copiado_dia_anterior,Cervejas,99,,1,Cervejas
21565,2026-05-22,00:00:00,Atacadão,Budweiser,Budweiser Lata,350ml,São Paulo,SP,Sudeste,4.29,,0,1,https://www.atacadao.com.br/cerveja-budweiser-sleek-lata-com-350ml-80258-11811/p,copiado_dia_anterior,Cervejas,99,,1,Cervejas
21566,2026-05-22,00:00:00,Atacadão,Budweiser,Budweiser Lata,269ml,São Paulo,SP,Sudeste,2.89,,0,1,https://www.atacadao.com.br/cerveja-budweiser-51187-11765/p,copiado_dia_anterior,Cervejas,99,,1,Cervejas
21567,2026-05-22,00:00:00,Atacadão,Amstel,Amstel Lata,350ml,São Paulo,SP,Sudeste,3.99,,0,1,https://www.atacadao.com.br/cerveja-amstel-sleek-86708-11276/p,copiado_dia_anterior,Cervejas,99,,1,Cervejas
21568,2026-05-22,00:00:00,Atacadão,Amstel,Amstel Lata,269ml,São Paulo,SP,Sudeste,3.09,,0,1,https://www.atacadao.com.br/cerveja-amstel-54353-11244/p,copiado_dia_anterior,Cervejas,99,,1,Cervejas
21569,2026-05-22,00:00:00,Atacadão,Spaten,Spaten Puro Malte Lata,350ml,São Paulo,SP,Sudeste,4.79,,0,1,https://www.atacadao.com.br/cerveja-spaten-puro-malte-lata-com-350ml-74632-13351/p,copiado_dia_anterior,Cervejas,99,,1,Cervejas
21570,2026-05-22,00:00:00,Atacadão,Spaten,Spaten Puro Malte Lata,269ml,São Paulo,SP,Sudeste,3.59,,0,1,https://www.atacadao.com.br/cerveja-puro-malte-spaten-lata-com-269ml-83458-13164/p,copiado_dia_anterior,Cervejas,99,,1,Cervejas
21571,2026-05-22,00:00:00,Atacadão,Original,Original Lata,350ml,São Paulo,SP,Sudeste,4.99,,0,1,https://www.atacadao.com.br/cerveja-original-lata-com-350ml-65159-12864/p,copiado_dia_anterior,Cervejas,99,,1,Cervejas
21572,2026-05-22,00:00:00,Atacadão,Original,Original Lata,269ml,São Paulo,SP,Sudeste,3.69,,0,1,https://www.atacadao.com.br/cerveja-original-lata-com-269ml-71793-12854/p,copiado_dia_anterior,Cervejas,99,,1,Cervejas
21573,2026-05-22,00:00:00,Atacadão,Itaipava,Itaipava Lata,350ml,São Paulo,SP,Sudeste,2.29,,0,1,https://www.atacadao.com.br/cerveja-itaipava-9850-12669/p,copiado_dia_anterior,Cervejas,99,,1,Cervejas
21574,2026-05-22,00:00:00,Pão de Açúcar,Seara,Peito de Frango 1kg Seara,1kg,São Paulo,SP,Sudeste,15.5,,0,1,https://www.paodeacucar.com/produto/217037/coxa-de-frango-congelada-seara-1kg,copiado_dia_anterior,Carnes,99,,1,"Carnes, Processados e Preparados"
21575,2026-05-22,00:00:00,Pão de Açúcar,Swift,Coxa de Frango 1kg Swift,1kg,São Paulo,SP,Sudeste,12.9,,0,1,https://www.paodeacucar.com/produto/445594/coxa-de-frango-swift-1kg,copiado_dia_anterior,Carnes,99,,1,"Carnes, Processados e Preparados"
21576,2026-05-22,00:00:00,Pão de Açúcar,Swift,Asa de Frango 1kg Swift,1kg,São Paulo,SP,Sudeste,16.9,,0,1,https://www.paodeacucar.com/produto/452777/asa-de-frango-swift-bandeja-1kg,copiado_dia_anterior,Carnes,99,,1,"Carnes, Processados e Preparados"
21577,2026-05-22,00:00:00,Pão de Açúcar,Bassi,Picanha 1kg Bassi,1kg,São Paulo,SP,Sudeste,223.86,,0,1,"https://www.paodeacucar.com/produto/115631/picanha-bovina-extra-limpa-pedaco-bassi-a vacuo-1,4kg",copiado_dia_anterior,Carnes,99,,1,"Carnes, Processados e Preparados"
21578,2026-05-22,00:00:00,Pão de Açúcar,Friboi,Picanha 1kg Friboi,1kg,São Paulo,SP,Sudeste,203.83,,0,1,"https://www.paodeacucar.com/produto/164337/picanha-resfriada-maturatta-friboi-1,7kg",copiado_dia_anterior,Carnes,99,,1,"Carnes, Processados e Preparados"
21579,2026-05-22,00:00:00,Pão de Açúcar,Estância 92,Picanha 1kg Estância 92,1kg,São Paulo,SP,Sudeste,207.87,,0,1,"https://www.paodeacucar.com/produto/1574780/picanha-estancia-92-resfriado-1,3kg",copiado_dia_anterior,Carnes,99,,1,"Carnes, Processados e Preparados"
21580,2026-05-22,00:00:00,Pão de Açúcar,Swift,Carne Moida 1kg Swift,1kg,São Paulo,SP,Sudeste,41.9,,0,1,https://www.paodeacucar.com/produto/1616628/carne-moida-swift-1kg,copiado_dia_anterior,Carnes,99,,1,"Carnes, Processados e Preparados"
21581,2026-05-22,00:00:00,Extra,Sadia,Salsicha Hot Dog 500g Sadia,500g,São Paulo,SP,Sudeste,11.99,,0,1,https://www.extramercado.com.br/produto/114859/salsicha-hot-dog-sadia-500g-10-unidades,copiado_dia_anterior,Carnes,99,,1,"Carnes, Processados e Preparados"
21582,2026-05-22,00:00:00,Extra,Perdigão,Salsicha Hot Dog 500g Perdigão,500g,São Paulo,SP,Sudeste,15.49,,0,1,https://www.extramercado.com.br/produto/113887/salsicha-hot-dog-perdigao-500g-12-unidades,copiado_dia_anterior,Carnes,99,,1,"Carnes, Processados e Preparados"
21583,2026-05-22,00:00:00,Extra,Seara,Salsicha Hot Dog 500g Seara,500g,São Paulo,SP,Sudeste,14.5,,0,1,https://www.extramercado.com.br/produto/21730/salsicha-hot-dog-seara-500g,copiado_dia_anterior,Carnes,99,,1,"Carnes, Processados e Preparados"
21584,2026-05-22,00:00:00,Extra,Sadia,Linguiça Toscana 700g Sadia,700g,São Paulo,SP,Sudeste,24.9,,0,1,https://www.extramercado.com.br/produto/1649350/linguica-toscana-sadia-700g,copiado_dia_anterior,Carnes,99,,1,"Carnes, Processados e Preparados"
21585,2026-05-22,00:00:00,Extra,Perdigão,Linguiça Toscana 700g Perdigão,700g,São Paulo,SP,Sudeste,18.99,,0,1,https://www.extramercado.com.br/produto/1667071/linguica-toscana-perdigao-na-brasa-700g,copiado_dia_anterior,Carnes,99,,1,"Carnes, Processados e Preparados"
21586,2026-05-22,00:00:00,Extra,Swift,Linguiça Toscana 700g Swift,700g,São Paulo,SP,Sudeste,18.9,,0,1,https://www.extramercado.com.br/produto/422282/linguica-toscana-swift-700g,copiado_dia_anterior,Carnes,99,,1,"Carnes, Processados e Preparados"
21587,2026-05-22,00:00:00,Extra,Sadia,Nuggets de Frango 300g Sadia,300g,São Paulo,SP,Sudeste,12.9,,0,1,https://www.extramercado.com.br/produto/142969/empanado-de-frango-peito-crocante-sadia-nuggets-pacote-300g,copiado_dia_anterior,Carnes,99,,1,"Carnes, Processados e Preparados"
21588,2026-05-22,00:00:00,Extra,Sadia,Lasanha Bolonhesa 600g Sadia,600g,São Paulo,SP,Sudeste,19.9,,0,1,https://www.extramercado.com.br/produto/374206/lasanha-bolonhesa-sadia-pacote-600g,copiado_dia_anterior,Carnes,99,,1,"Carnes, Processados e Preparados"
21589,2026-05-22,00:00:00,Extra,Perdigão,Lasanha Bolonhesa 600g Perdigão,600g,São Paulo,SP,Sudeste,17.9,,0,1,https://www.extramercado.com.br/produto/392502/lasanha-bolonhesa-perdigao-nosso-menu-pacote-600g,copiado_dia_anterior,Carnes,99,,1,"Carnes, Processados e Preparados"
21590,2026-05-22,00:00:00,Extra,Seara,Lasanha Bolonhesa 600g Seara,600g,São Paulo,SP,Sudeste,18.9,,0,1,https://www.extramercado.com.br/produto/113511/lasanha-bolonhesa-seara-600g,copiado_dia_anterior,Carnes,99,,1,"Carnes, Processados e Preparados"
21591,2026-05-22,00:00:00,Extra,Sadia,Peito de Frango 1kg Sadia,1kg,São Paulo,SP,Sudeste,17.9,,0,1,https://www.extramercado.com.br/produto/65885/file-de-peito-de-frango-congelado-sem-pele-sem-osso-sadia-1kg,copiado_dia_anterior,Carnes,99,,1,"Carnes, Processados e Preparados"
21592,2026-05-22,00:00:00,Extra,Swift,Peito de Frango 1kg Swift,1kg,São Paulo,SP,Sudeste,27.9,,0,1,https://www.extramercado.com.br/produto/422487/file-de-peito-de-frango-swift-do-campo-1kg,copiado_dia_anterior,Carnes,99,,1,"Carnes, Processados e Preparados"
21593,2026-05-22,00:00:00,Extra,Sadia,Coxa de Frango 1kg Sadia,1kg,São Paulo,SP,Sudeste,16.49,,0,1,https://www.extramercado.com.br/produto/66810/coxa-de-frango-congelada-sadia-1kg,copiado_dia_anterior,Carnes,99,,1,"Carnes, Processados e Preparados"
21594,2026-05-22,00:00:00,Extra,Swift,Coxa de Frango 1kg Swift,1kg,São Paulo,SP,Sudeste,12.9,,0,1,https://www.extramercado.com.br/produto/422468/coxa-de-frango-swift-1kg,copiado_dia_anterior,Carnes,99,,1,"Carnes, Processados e Preparados"
21595,2026-05-22,00:00:00,Extra,Swift,Asa de Frango 1kg Swift,1kg,São Paulo,SP,Sudeste,16.9,,0,1,https://www.extramercado.com.br/produto/463439/asa-de-frango-swift-bandeja-1kg,copiado_dia_anterior,Carnes,99,,1,"Carnes, Processados e Preparados"
21596,2026-05-22,00:00:00,Extra,Bassi,Picanha 1kg Bassi,1kg,São Paulo,SP,Sudeste,223.86,,0,1,"https://www.extramercado.com.br/produto/115631/picanha-bovina-extra-limpa-pedaco-bassi-a%C2%A0vacuo-1,4kg",copiado_dia_anterior,Carnes,99,,1,"Carnes, Processados e Preparados"
21597,2026-05-22,00:00:00,Extra,Estância 92,Picanha 1kg Estância 92,1kg,São Paulo,SP,Sudeste,272.87,,0,1,"https://www.extramercado.com.br/produto/1613858/picanha-estancia-92-resfriado-1,3kg",copiado_dia_anterior,Carnes,99,,1,"Carnes, Processados e Preparados"
21598,2026-05-22,00:00:00,Extra,Swift,Carne Moida 1kg Swift,1kg,São Paulo,SP,Sudeste,59.9,,0,1,https://www.extramercado.com.br/produto/1651983/carne-moida-swift-1kg,copiado_dia_anterior,Carnes,99,,1,"Carnes, Processados e Preparados"
21599,2026-05-22,00:00:00,Atacadão,Sadia,Salsicha Hot Dog 500g Sadia,500g,São Paulo,SP,Sudeste,13.5,,0,1,https://www.atacadao.com.br/salsicha-hot-dog-sadia-resfriada-49270-17530/p,copiado_dia_anterior,Carnes,99,,1,"Carnes, Processados e Preparados"
21600,2026-05-22,00:00:00,Atacadão,Perdigão,Salsicha Hot Dog 500g Perdigão,500g,São Paulo,SP,Sudeste,12.9,,0,1,https://www.atacadao.com.br/salsicha-hot-dog-perdigao-resfriada-5970-17504/p,copiado_dia_anterior,Carnes,99,,1,"Carnes, Processados e Preparados"
21601,2026-05-22,00:00:00,Atacadão,Seara,Salsicha Hot Dog 500g Seara,500g,São Paulo,SP,Sudeste,10.2,,0,1,https://www.atacadao.com.br/salsicha-hot-dog-seara-resfriada-62542-17547/p,copiado_dia_anterior,Carnes,99,,1,"Carnes, Processados e Preparados"
21602,2026-05-22,00:00:00,Atacadão,Sadia,Linguiça Toscana 700g Sadia,700g,São Paulo,SP,Sudeste,20.8,,0,1,https://www.atacadao.com.br/linguica-toscana-sadia-congelada-86374-36784/p,copiado_dia_anterior,Carnes,99,,1,"Carnes, Processados e Preparados"
21603,2026-05-22,00:00:00,Atacadão,Perdigão,Linguiça Toscana 700g Perdigão,700g,São Paulo,SP,Sudeste,20.9,,0,1,https://www.atacadao.com.br/linguica-toscana-perdigao-nabrasa-9975-59299/p,copiado_dia_anterior,Carnes,99,,1,"Carnes, Processados e Preparados"
21604,2026-05-22,00:00:00,Atacadão,Sadia,Lasanha Bolonhesa 600g Sadia,600g,São Paulo,SP,Sudeste,16.9,,0,1,https://www.atacadao.com.br/lasanha-sadia-congelada-bolonhesa-54196-29612/p,copiado_dia_anterior,Carnes,99,,1,"Carnes, Processados e Preparados"
21605,2026-05-22,00:00:00,Atacadão,Perdigão,Lasanha Bolonhesa 600g Perdigão,600g,São Paulo,SP,Sudeste,16.9,,0,1,https://www.atacadao.com.br/lasanha-perdigao-congelada-bolonhesa-58251-29563/p,copiado_dia_anterior,Carnes,99,,1,"Carnes, Processados e Preparados"
21606,2026-05-22,00:00:00,Atacadão,Seara,Lasanha Bolonhesa 600g Seara,600g,São Paulo,SP,Sudeste,14.9,,0,1,https://www.atacadao.com.br/lasanha-seara-congelada-bolonhesa-32549-29633/p,copiado_dia_anterior,Carnes,99,,1,"Carnes, Processados e Preparados"
21607,2026-05-22,00:00:00,Atacadão,Sadia,Peito de Frango 1kg Sadia,1kg,São Paulo,SP,Sudeste,19.97,,0,1,https://www.atacadao.com.br/file-de-peito-de-frango-sadia-congelado-bifes-3499-56449/p,copiado_dia_anterior,Carnes,99,,1,"Carnes, Processados e Preparados"
21608,2026-05-22,00:00:00,Atacadão,Seara,Peito de Frango 1kg Seara,1kg,São Paulo,SP,Sudeste,19.95,,0,1,https://www.atacadao.com.br/file-de-peito-de-frango-seara-congelado-37849-12021/p,copiado_dia_anterior,Carnes,99,,1,"Carnes, Processados e Preparados"
21609,2026-05-22,00:00:00,Atacadão,Sadia,Asa de Frango 1kg Sadia,1kg,São Paulo,SP,Sudeste,15.9,,0,1,https://www.atacadao.com.br/asa-de-frango-sadia-congelada-15062-15376/p,copiado_dia_anterior,Carnes,99,,1,"Carnes, Processados e Preparados"
21610,2026-05-22,00:00:00,Pão de Açúcar,Tio João,Arroz Branco 5kg Tio João,5kg,São Paulo,SP,Sudeste,29.99,,0,1,https://www.paodeacucar.com/produto/138068/arroz-agulhinha-tipo-1-tio-joao-pacote-5kg,copiado_dia_anterior,Mercearia,99,,1,Mercearias Secas
21611,2026-05-22,00:00:00,Pão de Açúcar,Camil,Feijão Carioca 1kg Camil,1kg,São Paulo,SP,Sudeste,7.79,,0,1,https://www.paodeacucar.com/produto/9461/feijao-carioca-tipo-1-camil-pacote-1kg,copiado_dia_anterior,Mercearia,99,,1,Mercearias Secas
21612,2026-05-22,00:00:00,Pão de Açúcar,União,Açúcar Refinado 1kg União,1kg,São Paulo,SP,Sudeste,4.29,,0,1,https://www.paodeacucar.com/produto/74215/acucar-refinado-uniao-pacote-1kg,copiado_dia_anterior,Mercearia,99,,1,Mercearias Secas
21613,2026-05-22,00:00:00,Pão de Açúcar,Da Barra,Açúcar Refinado 1kg Da Barra,1kg,São Paulo,SP,Sudeste,4.49,,0,1,https://www.paodeacucar.com/produto/10669/acucar-refinado-da-barra-pacote-1kg,copiado_dia_anterior,Mercearia,99,,1,Mercearias Secas
21614,2026-05-22,00:00:00,Pão de Açúcar,Pilão,Café Torrado e Moído 500g Pilão,500g,São Paulo,SP,Sudeste,28.49,,0,1,https://www.paodeacucar.com/produto/152052/cafe-torrado-e-moido-tradicional-pilao-pacote-500g,copiado_dia_anterior,Mercearia,99,,1,Mercearias Secas
21615,2026-05-22,00:00:00,Pão de Açúcar,Café Brasileiro,Café Torrado e Moído 500g Café Brasileiro,500g,São Paulo,SP,Sudeste,29.99,,0,1,https://www.paodeacucar.com/produto/62071/cafe-torrado-e-moido-tradicional-cafe-brasileiro-pacote-500g,copiado_dia_anterior,Mercearia,99,,1,Mercearias Secas
21616,2026-05-22,00:00:00,Pão de Açúcar,União,Café Torrado e Moído 500g União,500g,São Paulo,SP,Sudeste,25.99,,0,1,https://www.paodeacucar.com/produto/1376191/cafe-torrado-e-moido-tradicional-uniao-pacote-500g,copiado_dia_anterior,Mercearia,99,,1,Mercearias Secas
21617,2026-05-22,00:00:00,Extra,Tio João,Arroz Branco 5kg Tio João,5kg,São Paulo,SP,Sudeste,29.99,,0,1,https://www.extramercado.com.br/produto/138068/arroz-agulhinha-tipo-1-tio-joao-pacote-5kg,copiado_dia_anterior,Mercearia,99,,1,Mercearias Secas
21618,2026-05-22,00:00:00,Extra,Camil,Feijão Carioca 1kg Camil,1kg,São Paulo,SP,Sudeste,8.79,,0,1,https://www.extramercado.com.br/produto/9461/feijao-carioca-tipo-1-camil-pacote-1kg,copiado_dia_anterior,Mercearia,99,,1,Mercearias Secas
21619,2026-05-22,00:00:00,Extra,União,Açúcar Refinado 1kg União,1kg,São Paulo,SP,Sudeste,4.29,,0,1,https://www.extramercado.com.br/produto/74215/acucar-refinado-uniao-pacote-1kg,copiado_dia_anterior,Mercearia,99,,1,Mercearias Secas
21620,2026-05-22,00:00:00,Extra,Pilão,Café Torrado e Moído 500g Pilão,500g,São Paulo,SP,Sudeste,27.99,,0,1,https://www.extramercado.com.br/produto/152052/cafe-torrado-e-moido-tradicional-pilao-pacote-500g,copiado_dia_anterior,Mercearia,99,,1,Mercearias Secas
21621,2026-05-22,00:00:00,Extra,Café Brasileiro,Café Torrado e Moído 500g Café Brasileiro,500g,São Paulo,SP,Sudeste,26.99,,0,1,https://www.extramercado.com.br/produto/62071/cafe-torrado-e-moido-tradicional-cafe-brasileiro-pacote-500g,copiado_dia_anterior,Mercearia,99,,1,Mercearias Secas
21622,2026-05-22,00:00:00,Atacadão,Tio João,Arroz Branco 5kg Tio João,5kg,São Paulo,SP,Sudeste,26.49,,0,1,https://www.atacadao.com.br/arroz-tio-joao-agulhinha---tipo-1-5148-15022/p,copiado_dia_anterior,Mercearia,99,,1,Mercearias Secas
21623,2026-05-22,00:00:00,Atacadão,Camil,Arroz Branco 5kg Camil,5kg,São Paulo,SP,Sudeste,17.59,,0,1,https://www.atacadao.com.br/arroz-camil-agulhinha---tipo-1-pacote-com-5kg-12658-13743/p,copiado_dia_anterior,Mercearia,99,,1,Mercearias Secas
21624,2026-05-22,00:00:00,Atacadão,Kicaldo,Feijão Carioca 1kg Kicaldo,1kg,São Paulo,SP,Sudeste,9.69,,0,1,https://www.atacadao.com.br/feijao-carioca-kicaldo-tipo-1-pacote-com-1kg-11874-9925/p,copiado_dia_anterior,Mercearia,99,,1,Mercearias Secas
21625,2026-05-22,00:00:00,Atacadão,União,Açúcar Refinado 1kg União,1kg,São Paulo,SP,Sudeste,2.95,,0,1,https://www.atacadao.com.br/acucar-uniao-refinado-21176-2371/p,copiado_dia_anterior,Mercearia,99,,1,Mercearias Secas
21626,2026-05-22,00:00:00,Atacadão,Caravelas,Açúcar Refinado 1kg Caravelas,1kg,São Paulo,SP,Sudeste,2.89,,0,1,https://www.atacadao.com.br/acucar-caravelas-refinado-25668-1517/p,copiado_dia_anterior,Mercearia,99,,1,Mercearias Secas
21627,2026-05-22,00:00:00,Atacadão,Dona Benta,Farinha de Trigo 1kg Dona Benta,1kg,São Paulo,SP,Sudeste,4.49,,0,1,https://www.atacadao.com.br/farinha-de-trigo-dona-benta-tipo-1-pacote-com-1kg-23162-8563/p,copiado_dia_anterior,Mercearia,99,,1,Mercearias Secas
21628,2026-05-22,00:00:00,Atacadão,Venturelli,Farinha de Trigo 1kg Venturelli,1kg,São Paulo,SP,Sudeste,4.79,,0,1,https://www.atacadao.com.br/farinha-de-trigo-venturelli-tipo-1-pacote-com-1kg-66335-9230/p,copiado_dia_anterior,Mercearia,99,,1,Mercearias Secas
21629,2026-05-22,00:00:00,Atacadão,Pilão,Café Torrado e Moído 500g Pilão,500g,São Paulo,SP,Sudeste,25.9,,0,1,https://www.atacadao.com.br/cafe-pilao-almofada-4959-3014/p,copiado_dia_anterior,Mercearia,99,,1,Mercearias Secas
21630,2026-05-22,00:00:00,Atacadão,3 Corações,Café Torrado e Moído 500g 3 Corações,500g,São Paulo,SP,Sudeste,28.9,,0,1,https://www.atacadao.com.br/cafe-3-coracoes-tradicional-23371-915/p,copiado_dia_anterior,Mercearia,99,,1,Mercearias Secas
21631,2026-05-22,00:00:00,Atacadão,Melitta,Café Torrado e Moído 500g Melitta,500g,São Paulo,SP,Sudeste,23.9,,0,1,https://www.atacadao.com.br/cafe-melitta-tradicional-vacuo-caixeta-com-500g-18816-2617/p,copiado_dia_anterior,Mercearia,99,,1,Mercearias Secas
21632,2026-05-22,00:00:00,Atacadão,União,Café Torrado e Moído 500g União,500g,São Paulo,SP,Sudeste,19.9,,0,1,https://www.atacadao.com.br/cafe-uniao-tradicional-76123-3853/p,copiado_dia_anterior,Mercearia,99,,1,Mercearias Secas
21633,2026-05-22,00:00:00,Pão de Açúcar,Sadia,Salsicha Hot Dog 500g Sadia,500g,São Paulo,SP,Sudeste,11.99,,0,1,https://www.paodeacucar.com/produto/114859/salsicha-hot-dog-sadia-500g-10-unidades,copiado_dia_anterior,Carnes,99,,1,"Carnes, Processados e Preparados"
21634,2026-05-22,00:00:00,Pão de Açúcar,Perdigão,Salsicha Hot Dog 500g Perdigão,500g,São Paulo,SP,Sudeste,14.79,,0,1,https://www.paodeacucar.com/produto/113887/salsicha-hot-dog-perdigao-500g-12-unidades,copiado_dia_anterior,Carnes,99,,1,"Carnes, Processados e Preparados"
21635,2026-05-22,00:00:00,Pão de Açúcar,Seara,Salsicha Hot Dog 500g Seara,500g,São Paulo,SP,Sudeste,14.9,,0,1,https://www.paodeacucar.com/produto/21730/salsicha-hot-dog-seara-500g,copiado_dia_anterior,Carnes,99,,1,"Carnes, Processados e Preparados"
21636,2026-05-22,00:00:00,Pão de Açúcar,Perdigão,Linguiça Toscana 700g Perdigão,700g,São Paulo,SP,Sudeste,29.5,,0,1,https://www.paodeacucar.com/produto/1638980/linguica-toscana-perdigao-na-brasa-700g,copiado_dia_anterior,Carnes,99,,1,"Carnes, Processados e Preparados"
21637,2026-05-22,00:00:00,Pão de Açúcar,Swift,Linguiça Toscana 700g Swift,700g,São Paulo,SP,Sudeste,18.9,,0,1,https://www.paodeacucar.com/produto/434959/linguica-toscana-swift-700g,copiado_dia_anterior,Carnes,99,,1,"Carnes, Processados e Preparados"
21638,2026-05-22,00:00:00,Pão de Açúcar,Sadia,Nuggets de Frango 300g Sadia,300g,São Paulo,SP,Sudeste,11.99,,0,1,https://www.paodeacucar.com/produto/142969/empanado-de-frango-peito-crocante-sadia-nuggets-pacote-300g,copiado_dia_anterior,Carnes,99,,1,"Carnes, Processados e Preparados"
21639,2026-05-22,00:00:00,Pão de Açúcar,Sadia,Lasanha Bolonhesa 600g Sadia,600g,São Paulo,SP,Sudeste,17.99,,0,1,https://www.paodeacucar.com/produto/344410/lasanha-bolonhesa-sadia-pacote-600g,copiado_dia_anterior,Carnes,99,,1,"Carnes, Processados e Preparados"
21640,2026-05-22,00:00:00,Pão de Açúcar,Perdigão,Lasanha Bolonhesa 600g Perdigão,600g,São Paulo,SP,Sudeste,19.9,,0,1,https://www.paodeacucar.com/produto/391814/lasanha-bolonhesa-perdigao-nosso-menu-pacote-600g,copiado_dia_anterior,Carnes,99,,1,"Carnes, Processados e Preparados"
21641,2026-05-22,00:00:00,Pão de Açúcar,Seara,Lasanha Bolonhesa 600g Seara,600g,São Paulo,SP,Sudeste,19.9,,0,1,https://www.paodeacucar.com/produto/113511/lasanha-bolonhesa-seara-600g,copiado_dia_anterior,Carnes,99,,1,"Carnes, Processados e Preparados"
21642,2026-05-22,00:00:00,Pão de Açúcar,Sadia,Peito de Frango 1kg Sadia,1kg,São Paulo,SP,Sudeste,33.9,,0,1,https://www.paodeacucar.com/produto/65885/file-de-peito-de-frango-congelado-sem-pele-sem-osso-sadia-1kg,copiado_dia_anterior,Carnes,99,,1,"Carnes, Processados e Preparados"
21643,2026-05-22,00:00:00,Pão de Açúcar,Swift,Peito de Frango 1kg Swift,1kg,São Paulo,SP,Sudeste,27.9,,0,1,https://www.paodeacucar.com/produto/445611/file-de-peito-de-frango-swift-do-campo-1kg,copiado_dia_anterior,Carnes,99,,1,"Carnes, Processados e Preparados"
21644,2026-05-22,00:00:00,Pão de Açúcar,Kicaldo,Feijão Carioca 1kg Kicaldo,1kg,São Paulo,SP,Sudeste,9.79,,0,1,https://www.paodeacucar.com/produto/109209/feijao-carioca-tipo-1-kicaldo-pacote-1kg,copiado_dia_anterior,Mercearia,99,,1,Mercearias Secas
21645,2026-05-22,00:00:00,Extra,Camil,Arroz Branco 5kg Camil,5kg,São Paulo,SP,Sudeste,23.99,,0,1,https://www.extramercado.com.br/produto/41329/arroz-agulhinha-tipo-1-camil-pacote-5kg,copiado_dia_anterior,Mercearia,99,,1,Mercearias Secas
21646,2026-05-22,00:00:00,Atacadão,Camil,Feijão Carioca 1kg Camil,1kg,São Paulo,SP,Sudeste,8.69,,0,1,https://www.atacadao.com.br/feijao-carioca-camil-tipo-1-7382-9742/p,copiado_dia_anterior,Mercearia,99,,1,Mercearias Secas
21647,2026-05-22,00:00:00,Extra,Amstel,Amstel Lata,269ml,São Paulo,SP,Sudeste,2.69,,0,1,https://www.extramercado.com.br/produto/369620/cerveja-lager-puro-malte-amstel-lata-269ml,copiado_dia_anterior,Cervejas,99,,1,Cervejas
21648,2026-05-22,00:00:00,Extra,Itaipava,Itaipava Lata,350ml,São Paulo,SP,Sudeste,2.99,,0,1,https://www.extramercado.com.br/produto/112967/cerveja-pilsen-itaipava-lata-350ml,copiado_dia_anterior,Cervejas,99,,1,Cervejas
21649,2026-05-22,00:00:00,Atacadão,Skol,Skol Lata,350ml,São Paulo,SP,Sudeste,3.09,,0,1,https://www.atacadao.com.br/cerveja-skol-pilsen-18650-13267/p,copiado_dia_anterior,Cervejas,99,,1,Cervejas
21650,2026-05-22,00:00:00,Atacadão,Brahma,Brahma Duplo Malte,350ml,São Paulo,SP,Sudeste,4.49,,0,1,https://www.atacadao.com.br/cerveja-brahma-duplo-malte-lata-com-350ml-67653-11651/p,copiado_dia_anterior,Cervejas,99,,1,Cervejas
21651,2026-05-22,00:00:00,Pão de Açúcar,Dona Benta,Farinha de Trigo 1kg Dona Benta,1kg,São Paulo,SP,Sudeste,6.39,,0,1,https://www.paodeacucar.com/produto/43619/farinha-de-trigo-tradicional-dona-benta-pacote-1kg,copiado_dia_anterior,Mercearia,99,,1,Mercearias Secas
21652,2026-05-22,00:00:00,Extra,Kicaldo,Feijão Carioca 1kg Kicaldo,1kg,São Paulo,SP,Sudeste,9.99,,0,1,https://www.extramercado.com.br/produto/109209/feijao-carioca-tipo-1-kicaldo-pacote-1kg,copiado_dia_anterior,Mercearia,99,,1,Mercearias Secas
21653,2026-05-22,00:00:00,Atacadão,Sadia,Coxa de Frango 1kg Sadia,1kg,São Paulo,SP,Sudeste,18.5,,0,1,https://www.atacadao.com.br/coxas-de-frango-sadia-congelado-assa-facil-47388-26263/p,copiado_dia_anterior,Carnes,99,,1,"Carnes, Processados e Preparados"
21654,2026-05-22,00:00:00,Extra,Corona,Corona Extra Long Neck,330ml,São Paulo,SP,Sudeste,6.79,,0,1,https://www.extramercado.com.br/produto/452503/cerveja-pilsen-corona-garrafa-330ml,copiado_dia_anterior,Cervejas,99,,1,Cervejas
21655,2026-05-22,00:00:00,Extra,Budweiser,Budweiser Lata,350ml,São Paulo,SP,Sudeste,3.19,,0,1,https://www.extramercado.com.br/produto/190773/cerveja-lager-budweiser-lata-350ml,copiado_dia_anterior,Cervejas,99,,1,Cervejas
21656,2026-05-22,00:00:00,Pão de Açúcar,Bassi,Fraldinha 1kg Bassi,1kg,São Paulo,SP,Sudeste,107.88,,0,1,"https://www.paodeacucar.com/produto/114843/fraldinha-extra-limpa-bovina-bassi-1,2kg",copiado_dia_anterior,Carnes,99,,1,"Carnes, Processados e Preparados"
21657,2026-05-22,00:00:00,Extra,Bassi,Fraldinha 1kg Bassi,1kg,São Paulo,SP,Sudeste,119.99,,0,1,"https://www.extramercado.com.br/produto/114843/fraldinha-extra-limpa-bovina-bassi-1,2kg",copiado_dia_anterior,Carnes,99,,1,"Carnes, Processados e Preparados"
21658,2026-05-22,00:00:00,Extra,União,Café Torrado e Moído 500g União,500g,São Paulo,SP,Sudeste,28.99,,0,1,https://www.extramercado.com.br/produto/1442268/cafe-torrado-e-moido-tradicional-uniao-pacote-500g,copiado_dia_anterior,Mercearia,99,,1,Mercearias Secas
21659,2026-05-22,00:00:00,Atacadão,Da Barra,Açúcar Refinado 1kg Da Barra,1kg,São Paulo,SP,Sudeste,3.05,,0,1,https://www.atacadao.com.br/acucar-da-barra-refinado-pacote-com-1kg-15604-1814/p,copiado_dia_anterior,Mercearia,99,,1,Mercearias Secas
21660,2026-05-22,00:00:00,Pão de Açúcar,Mabel,Água e Sal 300g Mabel,300g,São Paulo,SP,Sudeste,5.89,,0,1,https://www.paodeacucar.com/produto/1616940/biscoito-agua-e-sal-mabel-pacote-300g,copiado_dia_anterior,Biscoitos,99,,1,Mercearias Secas
21661,2026-05-22,00:00:00,Pão de Açúcar,Mabel,Cream Cracker 300g Mabel,300g,São Paulo,SP,Sudeste,5.89,,0,1,https://www.paodeacucar.com/produto/1616942/biscoito-cream-cracker-mabel-300g,copiado_dia_anterior,Biscoitos,99,,1,Mercearias Secas
21662,2026-05-22,00:00:00,Pão de Açúcar,Marilan,Cream Cracker 140g Marilan,140g,São Paulo,SP,Sudeste,4.29,,0,1,https://www.paodeacucar.com/produto/1448576/biscoito-cream-cracker-marilan-pacote-170g,copiado_dia_anterior,Biscoitos,99,,1,Mercearias Secas
21663,2026-05-22,00:00:00,Extra,Marilan,Água e Sal 300g Marilan,300g,São Paulo,SP,Sudeste,6.99,,0,1,https://www.extramercado.com.br/produto/1667484/biscoito-agua-e-sal-marilan-300g,copiado_dia_anterior,Biscoitos,99,,1,Mercearias Secas
21664,2026-05-22,00:00:00,Atacadão,Nestlé,Passatempo 150g Nestlé,150g,São Paulo,SP,Sudeste,2.65,,0,1,https://www.atacadao.com.br/biscoito-recheado-passatempo-nestle-chocolate-pacote-com-130g-55979-28839/p,copiado_dia_anterior,Biscoitos,99,,1,Mercearias Secas
21665,2026-05-22,09:33:49,Pão de Açúcar,Heineken,Heineken Lata,350ml,São Paulo,SP,Sudeste,4.59,,0,1,https://www.paodeacucar.com/produto/1606865/cerveja-heineken-lata-sleek-350ml,,Cervejas,10,,1,Cervejas
21666,2026-05-22,09:34:00,Pão de Açúcar,Heineken,Heineken Lata,269ml,São Paulo,SP,Sudeste,3.75,,0,1,https://www.paodeacucar.com/produto/1376370/cerveja-lager-puro-malte-heineken-lata-269ml,,Cervejas,10,,1,Cervejas
21667,2026-05-22,09:34:11,Pão de Açúcar,Heineken,Heineken 0.0,350ml,São Paulo,SP,Sudeste,4.59,,0,1,https://www.paodeacucar.com/produto/1606861/cerveja-heineken-zero-lata-sleek-350ml,,Cervejas,10,,1,Cervejas
21668,2026-05-22,09:34:22,Pão de Açúcar,Skol,Skol Lata,269ml,São Paulo,SP,Sudeste,2.69,,0,1,https://www.paodeacucar.com/produto/71229/cerveja-skol-pilsen-lata-269ml,,Cervejas,10,,1,Cervejas
21669,2026-05-22,09:34:33,Pão de Açúcar,Brahma,Brahma Duplo Malte,350ml,São Paulo,SP,Sudeste,3.49,,0,1,https://www.paodeacucar.com/produto/462219/cerveja-pilsner-duplo-malte-brahma-lata-350ml,,Cervejas,10,,1,Cervejas
21670,2026-05-22,09:34:44,Pão de Açúcar,Stella Artois,Stella Artois Long Neck,330ml,São Paulo,SP,Sudeste,6.79,,0,1,https://www.paodeacucar.com/produto/452630/cerveja-lager-premium-puro-malte-stella-artois-garrafa-330ml,,Cervejas,10,,1,Cervejas
21671,2026-05-22,09:34:55,Pão de Açúcar,Corona,Corona Extra Long Neck,330ml,São Paulo,SP,Sudeste,6.79,,0,1,https://www.paodeacucar.com/produto/456783/cerveja-pilsen-corona-garrafa-330ml,,Cervejas,10,,1,Cervejas
21672,2026-05-22,09:35:06,Pão de Açúcar,Corona,Corona Extra Lata,350ml,São Paulo,SP,Sudeste,6.29,,0,1,https://www.paodeacucar.com/produto/1461878/cerveja-corona-extra-lata-350ml,,Cervejas,10,,1,Cervejas
21673,2026-05-22,09:35:16,Pão de Açúcar,Budweiser,Budweiser Lata,269ml,São Paulo,SP,Sudeste,2.89,,0,1,https://www.paodeacucar.com/produto/323696/cerveja-pilsen-budweiser-lata-269ml,,Cervejas,10,,1,Cervejas
21674,2026-05-22,09:35:25,Pão de Açúcar,Amstel,Amstel Lata,350ml,São Paulo,SP,Sudeste,3.19,,0,1,https://www.paodeacucar.com/produto/1606864/cerveja-lager-puro-malte-amstel-lata-350ml,,Cervejas,10,,1,Cervejas
21675,2026-05-22,09:35:36,Pão de Açúcar,Amstel,Amstel Lata,269ml,São Paulo,SP,Sudeste,2.69,,0,1,https://www.paodeacucar.com/produto/339944/cerveja-lager-puro-malte-amstel-lata-269ml,,Cervejas,10,,1,Cervejas
21676,2026-05-22,09:35:46,Pão de Açúcar,Spaten,Spaten Puro Malte Lata,350ml,São Paulo,SP,Sudeste,3.99,,0,1,https://www.paodeacucar.com/produto/583963/cerveja-munich-helles-puro-malte-spaten-lata-350ml,,Cervejas,10,,1,Cervejas
21677,2026-05-22,09:35:57,Pão de Açúcar,Spaten,Spaten Puro Malte Lata,269ml,São Paulo,SP,Sudeste,3.79,,0,1,https://www.paodeacucar.com/produto/1461013/cerveja-munich-helles-puro-malte-spaten-lata-269ml,,Cervejas,10,,1,Cervejas
21678,2026-05-22,09:36:07,Pão de Açúcar,Original,Original Lata,269ml,São Paulo,SP,Sudeste,3.09,,0,1,https://www.paodeacucar.com/produto/479389/cerveja-pilsen-antarctica-original-lata-269ml,,Cervejas,10,,1,Cervejas
21679,2026-05-22,09:36:16,Pão de Açúcar,Itaipava,Itaipava Lata,350ml,São Paulo,SP,Sudeste,3.29,,0,1,https://www.paodeacucar.com/produto/112967/cerveja-pilsen-itaipava-lata-350ml,,Cervejas,10,,1,Cervejas
21680,2026-05-22,09:36:27,Extra,Antarctica,Antarctica Lata,350ml,São Paulo,SP,Sudeste,3.69,,0,1,https://www.extramercado.com.br/produto/589/cerveja-pilsen-antarctica-lata-350ml,,Cervejas,10,,1,Cervejas
21681,2026-05-22,09:36:39,Extra,Heineken,Heineken Lata,350ml,São Paulo,SP,Sudeste,4.59,,0,1,https://www.extramercado.com.br/produto/1641976/cerveja-heineken-lata-sleek-350ml,,Cervejas,10,,1,Cervejas
21682,2026-05-22,09:36:49,Extra,Heineken,Heineken Lata,269ml,São Paulo,SP,Sudeste,3.75,,0,1,https://www.extramercado.com.br/produto/1440048/cerveja-lager-puro-malte-heineken-lata-269ml,,Cervejas,10,,1,Cervejas
21683,2026-05-22,09:36:59,Extra,Heineken,Heineken 0.0,350ml,São Paulo,SP,Sudeste,4.59,,0,1,https://www.extramercado.com.br/produto/1641970/cerveja-heineken-zero-lata-sleek-350ml,,Cervejas,10,,1,Cervejas
21684,2026-05-22,09:37:09,Extra,Skol,Skol Lata,350ml,São Paulo,SP,Sudeste,3.29,,0,1,https://www.extramercado.com.br/produto/91224/cerveja-pilsen-skol-lata-350ml,,Cervejas,10,,1,Cervejas
21685,2026-05-22,09:37:19,Extra,Skol,Skol Lata,269ml,São Paulo,SP,Sudeste,2.49,,0,1,https://www.extramercado.com.br/produto/71229/cerveja-skol-pilsen-lata-269ml,,Cervejas,10,,1,Cervejas
21686,2026-05-22,09:37:30,Extra,Brahma,Brahma Duplo Malte,350ml,São Paulo,SP,Sudeste,3.49,,0,1,https://www.extramercado.com.br/produto/485275/cerveja-pilsner-duplo-malte-brahma-lata-350ml,,Cervejas,10,,1,Cervejas
21687,2026-05-22,09:37:40,Extra,Brahma,Brahma Duplo Malte,269ml,São Paulo,SP,Sudeste,3.39,,0,1,https://www.extramercado.com.br/produto/869637/cerveja-pilsner-duplo-malte-brahma-lata-269ml,,Cervejas,10,,1,Cervejas
21688,2026-05-22,09:37:50,Extra,Corona,Corona Extra Long Neck,330ml,São Paulo,SP,Sudeste,6.79,,0,1,https://www.extramercado.com.br/produto/452503/cerveja-pilsen-corona-garrafa-330ml,,Cervejas,10,,1,Cervejas
21689,2026-05-22,09:38:01,Extra,Corona,Corona Extra Lata,350ml,São Paulo,SP,Sudeste,6.29,,0,1,https://www.extramercado.com.br/produto/1500760/cerveja-corona-extra-lata-350ml,,Cervejas,10,,1,Cervejas
21690,2026-05-22,09:38:12,Extra,Budweiser,Budweiser Lata,350ml,São Paulo,SP,Sudeste,3.19,,0,1,https://www.extramercado.com.br/produto/190773/cerveja-lager-budweiser-lata-350ml,,Cervejas,10,,1,Cervejas
21691,2026-05-22,09:38:22,Extra,Budweiser,Budweiser Lata,269ml,São Paulo,SP,Sudeste,2.89,,0,1,https://www.extramercado.com.br/produto/347007/cerveja-pilsen-budweiser-lata-269ml,,Cervejas,10,,1,Cervejas
21692,2026-05-22,09:38:33,Extra,Amstel,Amstel Lata,350ml,São Paulo,SP,Sudeste,3.19,,0,1,https://www.extramercado.com.br/produto/1641973/cerveja-lager-puro-malte-amstel-lata-350ml,,Cervejas,10,,1,Cervejas
21693,2026-05-22,09:38:44,Extra,Amstel,Amstel Lata,269ml,São Paulo,SP,Sudeste,2.69,,0,1,https://www.extramercado.com.br/produto/369620/cerveja-lager-puro-malte-amstel-lata-269ml,,Cervejas,10,,1,Cervejas
21694,2026-05-22,09:38:54,Extra,Spaten,Spaten Puro Malte Lata,350ml,São Paulo,SP,Sudeste,3.89,,0,1,https://www.extramercado.com.br/produto/628110/cerveja-munich-helles-puro-malte-spaten-lata-350ml,,Cervejas,10,,1,Cervejas
21695,2026-05-22,09:39:05,Extra,Spaten,Spaten Puro Malte Lata,269ml,São Paulo,SP,Sudeste,3.79,,0,1,https://www.extramercado.com.br/produto/1500377/cerveja-munich-helles-puro-malte-spaten-lata-269ml,,Cervejas,10,,1,Cervejas
21696,2026-05-22,09:39:15,Extra,Original,Original Lata,350ml,São Paulo,SP,Sudeste,3.99,,0,1,https://www.extramercado.com.br/produto/434881/cerveja-pilsen-antarctica-original-lata-350ml,,Cervejas,10,,1,Cervejas
21697,2026-05-22,09:39:26,Extra,Original,Original Lata,269ml,São Paulo,SP,Sudeste,3.09,,0,1,https://www.extramercado.com.br/produto/519820/cerveja-pilsen-antarctica-original-lata-269ml,,Cervejas,10,,1,Cervejas
21698,2026-05-22,09:39:37,Extra,Itaipava,Itaipava Lata,350ml,São Paulo,SP,Sudeste,3.29,,0,1,https://www.extramercado.com.br/produto/112967/cerveja-pilsen-itaipava-lata-350ml,,Cervejas,10,,1,Cervejas
21699,2026-05-22,09:39:48,Atacadão,Antarctica,Antarctica Lata,350ml,São Paulo,SP,Sudeste,3.09,,0,1,https://www.atacadao.com.br/cerveja-antarctica-9218-11292/p,,Cervejas,10,,1,Cervejas
21700,2026-05-22,09:39:57,Atacadão,Heineken,Heineken Lata,350ml,São Paulo,SP,Sudeste,5.59,,0,1,https://www.atacadao.com.br/cerveja-heineken-sleek-86733-12486/p,,Cervejas,10,,1,Cervejas
21701,2026-05-22,09:40:08,Atacadão,Heineken,Heineken Lata,269ml,São Paulo,SP,Sudeste,4.49,,0,1,https://www.atacadao.com.br/cerveja-heineken-lata-com-269ml-76983-12460/p,,Cervejas,10,,1,Cervejas
21702,2026-05-22,09:40:16,Atacadão,Heineken,Heineken 0.0,350ml,São Paulo,SP,Sudeste,5.59,,0,1,https://www.atacadao.com.br/cerveja-heineken-zero-sleek-86709-12501/p,,Cervejas,10,,1,Cervejas
21703,2026-05-22,09:40:27,Atacadão,Skol,Skol Lata,350ml,São Paulo,SP,Sudeste,,,0,0,https://www.atacadao.com.br/cerveja-skol-pilsen-18650-13267/p,produto_indisponivel,Cervejas,,,2,Cervejas
21704,2026-05-22,09:40:48,Atacadão,Skol,Skol Lata,269ml,São Paulo,SP,Sudeste,2.49,,0,1,https://www.atacadao.com.br/cerveja-skol-redondinha-6183-13325/p,,Cervejas,10,,1,Cervejas
21705,2026-05-22,09:40:57,Atacadão,Brahma,Brahma Duplo Malte,350ml,São Paulo,SP,Sudeste,,,0,0,https://www.atacadao.com.br/cerveja-brahma-duplo-malte-lata-com-350ml-67653-11651/p,produto_indisponivel,Cervejas,,,2,Cervejas
21706,2026-05-22,09:41:18,Atacadão,Brahma,Brahma Duplo Malte,269ml,São Paulo,SP,Sudeste,2.69,,0,1,https://www.atacadao.com.br/cerveja-brahma-duplo-malte-lata-com-269ml-74794-11647/p,,Cervejas,10,,1,Cervejas
21707,2026-05-22,09:41:26,Atacadão,Stella Artois,Stella Artois Long Neck,330ml,São Paulo,SP,Sudeste,5.97,,0,1,https://www.atacadao.com.br/cerveja-stella-artois-68018-13362/p,,Cervejas,10,,1,Cervejas
21708,2026-05-22,09:41:37,Atacadão,Corona,Corona Extra Long Neck,330ml,São Paulo,SP,Sudeste,,,0,0,https://www.atacadao.com.br/cerveja-corona-long-neck-com-330ml-66884-12000/p,produto_indisponivel,Cervejas,,,2,Cervejas
21709,2026-05-22,09:41:58,Atacadão,Budweiser,Budweiser Lata,350ml,São Paulo,SP,Sudeste,4.29,,0,1,https://www.atacadao.com.br/cerveja-budweiser-sleek-lata-com-350ml-80258-11811/p,,Cervejas,10,,1,Cervejas
21710,2026-05-22,09:42:06,Atacadão,Budweiser,Budweiser Lata,269ml,São Paulo,SP,Sudeste,2.89,,0,1,https://www.atacadao.com.br/cerveja-budweiser-51187-11765/p,,Cervejas,10,,1,Cervejas
21711,2026-05-22,09:42:15,Atacadão,Amstel,Amstel Lata,350ml,São Paulo,SP,Sudeste,3.99,,0,1,https://www.atacadao.com.br/cerveja-amstel-sleek-86708-11276/p,,Cervejas,10,,1,Cervejas
21712,2026-05-22,09:42:24,Atacadão,Amstel,Amstel Lata,269ml,São Paulo,SP,Sudeste,3.09,,0,1,https://www.atacadao.com.br/cerveja-amstel-54353-11244/p,,Cervejas,10,,2,Cervejas
21713,2026-05-22,09:42:57,Atacadão,Spaten,Spaten Puro Malte Lata,350ml,São Paulo,SP,Sudeste,4.79,,0,1,https://www.atacadao.com.br/cerveja-spaten-puro-malte-lata-com-350ml-74632-13351/p,,Cervejas,10,,1,Cervejas
21714,2026-05-22,09:43:06,Atacadão,Spaten,Spaten Puro Malte Lata,269ml,São Paulo,SP,Sudeste,3.59,,0,1,https://www.atacadao.com.br/cerveja-puro-malte-spaten-lata-com-269ml-83458-13164/p,,Cervejas,10,,1,Cervejas
21715,2026-05-22,09:43:16,Atacadão,Original,Original Lata,350ml,São Paulo,SP,Sudeste,4.89,,0,1,https://www.atacadao.com.br/cerveja-original-lata-com-350ml-65159-12864/p,,Cervejas,10,,1,Cervejas
21716,2026-05-22,09:43:26,Atacadão,Original,Original Lata,269ml,São Paulo,SP,Sudeste,3.69,,0,1,https://www.atacadao.com.br/cerveja-original-lata-com-269ml-71793-12854/p,,Cervejas,10,,1,Cervejas
21717,2026-05-22,09:43:35,Atacadão,Itaipava,Itaipava Lata,350ml,São Paulo,SP,Sudeste,3.39,,0,1,https://www.atacadao.com.br/cerveja-itaipava-9850-12669/p,,Cervejas,10,,1,Cervejas
21718,2026-05-22,10:26:08,Pão de Açúcar,Sadia,Salsicha Hot Dog 500g Sadia,500g,São Paulo,SP,Sudeste,11.99,,0,1,https://www.paodeacucar.com/produto/114859/salsicha-hot-dog-sadia-500g-10-unidades,,Carnes,10,,1,"Carnes, Processados e Preparados"
21719,2026-05-22,10:26:19,Pão de Açúcar,Perdigão,Salsicha Hot Dog 500g Perdigão,500g,São Paulo,SP,Sudeste,14.79,,0,1,https://www.paodeacucar.com/produto/113887/salsicha-hot-dog-perdigao-500g-12-unidades,,Carnes,10,,1,"Carnes, Processados e Preparados"
21720,2026-05-22,10:26:29,Pão de Açúcar,Seara,Salsicha Hot Dog 500g Seara,500g,São Paulo,SP,Sudeste,14.9,,0,1,https://www.paodeacucar.com/produto/21730/salsicha-hot-dog-seara-500g,,Carnes,10,,1,"Carnes, Processados e Preparados"
21721,2026-05-22,10:26:40,Pão de Açúcar,Perdigão,Linguiça Toscana 700g Perdigão,700g,São Paulo,SP,Sudeste,29.5,,0,1,https://www.paodeacucar.com/produto/1638980/linguica-toscana-perdigao-na-brasa-700g,,Carnes,10,,1,"Carnes, Processados e Preparados"
21722,2026-05-22,10:26:49,Pão de Açúcar,Swift,Linguiça Toscana 700g Swift,700g,São Paulo,SP,Sudeste,18.9,,0,1,https://www.paodeacucar.com/produto/434959/linguica-toscana-swift-700g,,Carnes,10,,1,"Carnes, Processados e Preparados"
21723,2026-05-22,10:27:00,Pão de Açúcar,Sadia,Nuggets de Frango 300g Sadia,300g,São Paulo,SP,Sudeste,12.9,,0,1,https://www.paodeacucar.com/produto/142969/empanado-de-frango-peito-crocante-sadia-nuggets-pacote-300g,,Carnes,10,,1,"Carnes, Processados e Preparados"
21724,2026-05-22,10:27:10,Pão de Açúcar,Sadia,Lasanha Bolonhesa 600g Sadia,600g,São Paulo,SP,Sudeste,17.99,,0,1,https://www.paodeacucar.com/produto/344410/lasanha-bolonhesa-sadia-pacote-600g,,Carnes,10,,1,"Carnes, Processados e Preparados"
21725,2026-05-22,10:27:21,Pão de Açúcar,Perdigão,Lasanha Bolonhesa 600g Perdigão,600g,São Paulo,SP,Sudeste,19.9,,0,1,https://www.paodeacucar.com/produto/391814/lasanha-bolonhesa-perdigao-nosso-menu-pacote-600g,,Carnes,10,,1,"Carnes, Processados e Preparados"
21726,2026-05-22,10:27:32,Pão de Açúcar,Seara,Lasanha Bolonhesa 600g Seara,600g,São Paulo,SP,Sudeste,19.9,,0,1,https://www.paodeacucar.com/produto/113511/lasanha-bolonhesa-seara-600g,,Carnes,10,,1,"Carnes, Processados e Preparados"
21727,2026-05-22,10:27:43,Pão de Açúcar,Sadia,Peito de Frango 1kg Sadia,1kg,São Paulo,SP,Sudeste,33.9,,0,1,https://www.paodeacucar.com/produto/65885/file-de-peito-de-frango-congelado-sem-pele-sem-osso-sadia-1kg,,Carnes,10,,1,"Carnes, Processados e Preparados"
21728,2026-05-22,10:27:54,Pão de Açúcar,Swift,Peito de Frango 1kg Swift,1kg,São Paulo,SP,Sudeste,27.9,,0,1,https://www.paodeacucar.com/produto/445611/file-de-peito-de-frango-swift-do-campo-1kg,,Carnes,10,,1,"Carnes, Processados e Preparados"
21729,2026-05-22,10:28:03,Pão de Açúcar,Seara,Peito de Frango 1kg Seara,1kg,São Paulo,SP,Sudeste,15.5,,0,1,https://www.paodeacucar.com/produto/217037/coxa-de-frango-congelada-seara-1kg,,Carnes,10,,1,"Carnes, Processados e Preparados"
21730,2026-05-22,10:28:15,Pão de Açúcar,Swift,Coxa de Frango 1kg Swift,1kg,São Paulo,SP,Sudeste,12.9,,0,1,https://www.paodeacucar.com/produto/445594/coxa-de-frango-swift-1kg,,Carnes,10,,1,"Carnes, Processados e Preparados"
21731,2026-05-22,10:28:26,Pão de Açúcar,Swift,Asa de Frango 1kg Swift,1kg,São Paulo,SP,Sudeste,16.9,,0,1,https://www.paodeacucar.com/produto/452777/asa-de-frango-swift-bandeja-1kg,,Carnes,10,,1,"Carnes, Processados e Preparados"
21732,2026-05-22,10:28:37,Pão de Açúcar,Bassi,Fraldinha 1kg Bassi,1kg,São Paulo,SP,Sudeste,107.88,,0,1,"https://www.paodeacucar.com/produto/114843/fraldinha-extra-limpa-bovina-bassi-1,2kg",,Carnes,10,,1,"Carnes, Processados e Preparados"
21733,2026-05-22,10:28:48,Pão de Açúcar,Bassi,Picanha 1kg Bassi,1kg,São Paulo,SP,Sudeste,223.86,,0,1,"https://www.paodeacucar.com/produto/115631/picanha-bovina-extra-limpa-pedaco-bassi-a vacuo-1,4kg",,Carnes,10,,1,"Carnes, Processados e Preparados"
21734,2026-05-22,10:29:00,Pão de Açúcar,Friboi,Picanha 1kg Friboi,1kg,São Paulo,SP,Sudeste,203.83,,0,1,"https://www.paodeacucar.com/produto/164337/picanha-resfriada-maturatta-friboi-1,7kg",,Carnes,10,,1,"Carnes, Processados e Preparados"
21735,2026-05-22,10:29:11,Pão de Açúcar,Estância 92,Picanha 1kg Estância 92,1kg,São Paulo,SP,Sudeste,207.87,,0,1,"https://www.paodeacucar.com/produto/1574780/picanha-estancia-92-resfriado-1,3kg",,Carnes,10,,1,"Carnes, Processados e Preparados"
21736,2026-05-22,10:29:21,Pão de Açúcar,Swift,Carne Moida 1kg Swift,1kg,São Paulo,SP,Sudeste,41.9,,0,1,https://www.paodeacucar.com/produto/1616628/carne-moida-swift-1kg,,Carnes,10,,1,"Carnes, Processados e Preparados"
21737,2026-05-22,10:29:31,Extra,Sadia,Salsicha Hot Dog 500g Sadia,500g,São Paulo,SP,Sudeste,11.99,,0,1,https://www.extramercado.com.br/produto/114859/salsicha-hot-dog-sadia-500g-10-unidades,,Carnes,10,,1,"Carnes, Processados e Preparados"
21738,2026-05-22,10:29:43,Extra,Perdigão,Salsicha Hot Dog 500g Perdigão,500g,São Paulo,SP,Sudeste,15.49,,0,1,https://www.extramercado.com.br/produto/113887/salsicha-hot-dog-perdigao-500g-12-unidades,,Carnes,10,,1,"Carnes, Processados e Preparados"
21739,2026-05-22,10:29:53,Extra,Seara,Salsicha Hot Dog 500g Seara,500g,São Paulo,SP,Sudeste,14.5,,0,1,https://www.extramercado.com.br/produto/21730/salsicha-hot-dog-seara-500g,,Carnes,10,,1,"Carnes, Processados e Preparados"
21740,2026-05-22,10:30:05,Extra,Sadia,Linguiça Toscana 700g Sadia,700g,São Paulo,SP,Sudeste,24.9,,0,1,https://www.extramercado.com.br/produto/1649350/linguica-toscana-sadia-700g,,Carnes,10,,1,"Carnes, Processados e Preparados"
21741,2026-05-22,10:30:16,Extra,Perdigão,Linguiça Toscana 700g Perdigão,700g,São Paulo,SP,Sudeste,18.99,,0,1,https://www.extramercado.com.br/produto/1667071/linguica-toscana-perdigao-na-brasa-700g,,Carnes,10,,1,"Carnes, Processados e Preparados"
21742,2026-05-22,10:30:27,Extra,Swift,Linguiça Toscana 700g Swift,700g,São Paulo,SP,Sudeste,18.9,,0,1,https://www.extramercado.com.br/produto/422282/linguica-toscana-swift-700g,,Carnes,10,,1,"Carnes, Processados e Preparados"
21743,2026-05-22,10:30:36,Extra,Sadia,Nuggets de Frango 300g Sadia,300g,São Paulo,SP,Sudeste,12.5,,0,1,https://www.extramercado.com.br/produto/142969/empanado-de-frango-peito-crocante-sadia-nuggets-pacote-300g,,Carnes,10,,1,"Carnes, Processados e Preparados"
21744,2026-05-22,10:30:46,Extra,Sadia,Lasanha Bolonhesa 600g Sadia,600g,São Paulo,SP,Sudeste,19.9,,0,1,https://www.extramercado.com.br/produto/374206/lasanha-bolonhesa-sadia-pacote-600g,,Carnes,10,,1,"Carnes, Processados e Preparados"
21745,2026-05-22,10:30:55,Extra,Perdigão,Lasanha Bolonhesa 600g Perdigão,600g,São Paulo,SP,Sudeste,17.9,,0,1,https://www.extramercado.com.br/produto/392502/lasanha-bolonhesa-perdigao-nosso-menu-pacote-600g,,Carnes,10,,1,"Carnes, Processados e Preparados"
21746,2026-05-22,10:31:05,Extra,Seara,Lasanha Bolonhesa 600g Seara,600g,São Paulo,SP,Sudeste,18.65,,0,1,https://www.extramercado.com.br/produto/113511/lasanha-bolonhesa-seara-600g,,Carnes,10,,1,"Carnes, Processados e Preparados"
21747,2026-05-22,10:31:15,Extra,Sadia,Peito de Frango 1kg Sadia,1kg,São Paulo,SP,Sudeste,17.9,,0,1,https://www.extramercado.com.br/produto/65885/file-de-peito-de-frango-congelado-sem-pele-sem-osso-sadia-1kg,,Carnes,10,,1,"Carnes, Processados e Preparados"
21748,2026-05-22,10:31:26,Extra,Swift,Peito de Frango 1kg Swift,1kg,São Paulo,SP,Sudeste,27.9,,0,1,https://www.extramercado.com.br/produto/422487/file-de-peito-de-frango-swift-do-campo-1kg,,Carnes,10,,1,"Carnes, Processados e Preparados"
21749,2026-05-22,10:31:37,Extra,Sadia,Coxa de Frango 1kg Sadia,1kg,São Paulo,SP,Sudeste,16.49,,0,1,https://www.extramercado.com.br/produto/66810/coxa-de-frango-congelada-sadia-1kg,,Carnes,10,,1,"Carnes, Processados e Preparados"
21750,2026-05-22,10:31:47,Extra,Swift,Coxa de Frango 1kg Swift,1kg,São Paulo,SP,Sudeste,12.9,,0,1,https://www.extramercado.com.br/produto/422468/coxa-de-frango-swift-1kg,,Carnes,10,,1,"Carnes, Processados e Preparados"
21751,2026-05-22,10:31:57,Extra,Seara,Coxa de Frango 1kg Seara,1kg,São Paulo,SP,Sudeste,,,0,0,https://www.extramercado.com.br/produto/217037/coxa-de-frango-congelada-seara-1kg,produto_indisponivel,Carnes,,,2,"Carnes, Processados e Preparados"
21752,2026-05-22,10:32:19,Extra,Swift,Asa de Frango 1kg Swift,1kg,São Paulo,SP,Sudeste,,,0,0,https://www.extramercado.com.br/produto/463439/asa-de-frango-swift-bandeja-1kg,produto_indisponivel,Carnes,,,2,"Carnes, Processados e Preparados"
21753,2026-05-22,10:32:40,Extra,Bassi,Fraldinha 1kg Bassi,1kg,São Paulo,SP,Sudeste,119.99,,0,1,"https://www.extramercado.com.br/produto/114843/fraldinha-extra-limpa-bovina-bassi-1,2kg",,Carnes,10,,1,"Carnes, Processados e Preparados"
21754,2026-05-22,10:32:51,Extra,Bassi,Picanha 1kg Bassi,1kg,São Paulo,SP,Sudeste,223.86,,0,1,"https://www.extramercado.com.br/produto/115631/picanha-bovina-extra-limpa-pedaco-bassi-a%C2%A0vacuo-1,4kg",,Carnes,10,,1,"Carnes, Processados e Preparados"
21755,2026-05-22,10:33:01,Extra,Estância 92,Picanha 1kg Estância 92,1kg,São Paulo,SP,Sudeste,272.87,,0,1,"https://www.extramercado.com.br/produto/1613858/picanha-estancia-92-resfriado-1,3kg",,Carnes,10,,1,"Carnes, Processados e Preparados"
21756,2026-05-22,10:33:11,Extra,Swift,Carne Moida 1kg Swift,1kg,São Paulo,SP,Sudeste,59.9,,0,1,https://www.extramercado.com.br/produto/1651983/carne-moida-swift-1kg,,Carnes,10,,1,"Carnes, Processados e Preparados"
21757,2026-05-22,10:33:21,Atacadão,Sadia,Salsicha Hot Dog 500g Sadia,500g,São Paulo,SP,Sudeste,13.9,,0,1,https://www.atacadao.com.br/salsicha-hot-dog-sadia-resfriada-49270-17530/p,,Carnes,10,,1,"Carnes, Processados e Preparados"
21758,2026-05-22,10:33:32,Atacadão,Perdigão,Salsicha Hot Dog 500g Perdigão,500g,São Paulo,SP,Sudeste,12.9,,0,1,https://www.atacadao.com.br/salsicha-hot-dog-perdigao-resfriada-5970-17504/p,,Carnes,10,,1,"Carnes, Processados e Preparados"
21759,2026-05-22,10:33:42,Atacadão,Seara,Salsicha Hot Dog 500g Seara,500g,São Paulo,SP,Sudeste,10.2,,0,1,https://www.atacadao.com.br/salsicha-hot-dog-seara-resfriada-62542-17547/p,,Carnes,10,,1,"Carnes, Processados e Preparados"
21760,2026-05-22,10:33:53,Atacadão,Sadia,Linguiça Toscana 700g Sadia,700g,São Paulo,SP,Sudeste,20.8,,0,1,https://www.atacadao.com.br/linguica-toscana-sadia-congelada-86374-36784/p,,Carnes,10,,1,"Carnes, Processados e Preparados"
21761,2026-05-22,10:34:01,Atacadão,Perdigão,Linguiça Toscana 700g Perdigão,700g,São Paulo,SP,Sudeste,20.9,,0,1,https://www.atacadao.com.br/linguica-toscana-perdigao-nabrasa-9975-59299/p,,Carnes,10,,1,"Carnes, Processados e Preparados"
21762,2026-05-22,10:34:09,Atacadão,Sadia,Nuggets de Frango 300g Sadia,300g,São Paulo,SP,Sudeste,,,0,0,https://www.atacadao.com.br/nuggets-de-frango-sadia-crocante-19582-15758/p,produto_indisponivel,Carnes,,,2,"Carnes, Processados e Preparados"
21763,2026-05-22,10:34:29,Atacadão,Sadia,Lasanha Bolonhesa 600g Sadia,600g,São Paulo,SP,Sudeste,16.9,,0,1,https://www.atacadao.com.br/lasanha-sadia-congelada-bolonhesa-54196-29612/p,,Carnes,10,,1,"Carnes, Processados e Preparados"
21764,2026-05-22,10:34:38,Atacadão,Perdigão,Lasanha Bolonhesa 600g Perdigão,600g,São Paulo,SP,Sudeste,15.3,,0,1,https://www.atacadao.com.br/lasanha-perdigao-congelada-bolonhesa-58251-29563/p,,Carnes,10,,1,"Carnes, Processados e Preparados"
21765,2026-05-22,10:34:47,Atacadão,Seara,Lasanha Bolonhesa 600g Seara,600g,São Paulo,SP,Sudeste,14.9,,0,1,https://www.atacadao.com.br/lasanha-seara-congelada-bolonhesa-32549-29633/p,,Carnes,10,,1,"Carnes, Processados e Preparados"
21766,2026-05-22,10:34:56,Atacadão,Sadia,Peito de Frango 1kg Sadia,1kg,São Paulo,SP,Sudeste,19.97,,0,1,https://www.atacadao.com.br/file-de-peito-de-frango-sadia-congelado-bifes-3499-56449/p,,Carnes,10,,1,"Carnes, Processados e Preparados"
21767,2026-05-22,10:35:06,Atacadão,Seara,Peito de Frango 1kg Seara,1kg,São Paulo,SP,Sudeste,19.95,,0,1,https://www.atacadao.com.br/file-de-peito-de-frango-seara-congelado-37849-12021/p,,Carnes,10,,1,"Carnes, Processados e Preparados"
21768,2026-05-22,10:35:15,Atacadão,Sadia,Coxa de Frango 1kg Sadia,1kg,São Paulo,SP,Sudeste,,,0,0,https://www.atacadao.com.br/coxas-de-frango-sadia-congelado-assa-facil-47388-26263/p,produto_indisponivel,Carnes,,,2,"Carnes, Processados e Preparados"
21769,2026-05-22,10:35:35,Atacadão,Sadia,Asa de Frango 1kg Sadia,1kg,São Paulo,SP,Sudeste,15.9,,0,1,https://www.atacadao.com.br/asa-de-frango-sadia-congelada-15062-15376/p,,Carnes,10,,1,"Carnes, Processados e Preparados"
21770,2026-05-22,00:00:00,Extra,Seara,Coxa de Frango 1kg Seara,1kg,São Paulo,SP,Sudeste,14.5,,0,1,https://www.extramercado.com.br/produto/217037/coxa-de-frango-congelada-seara-1kg,copiado_dia_anterior,Carnes,99,,1,"Carnes, Processados e Preparados"
21771,2026-05-22,00:00:00,Atacadão,Sadia,Nuggets de Frango 300g Sadia,300g,São Paulo,SP,Sudeste,10.5,,0,1,https://www.atacadao.com.br/nuggets-de-frango-sadia-crocante-19582-15758/p,copiado_dia_anterior,Carnes,99,,1,"Carnes, Processados e Preparados"
